FirstName,LastName,Company,Address,City,County,State,ZIP,Phone,Fax,Email,Web
Essie,Vaill,Litronic Industries,14225 Hancock Dr,Anchorage,Anchorage,AK,02365,907-345-0962,907-345-1215,essie@vaill.com,http://www.essievaill.com
Cruz,Roudabush,Meridian Products,2202 S Central Ave,Phoenix,Maricopa,AZ,85004,602-252-4827,602-252-4009,cruz@roudabush.com,http://www.cruzroudabush.com
Billie,Tinnes,D & M Plywood Inc,28 W 27th St,New York,New York,NY,10001,212-889-5775,212-889-5764,billie@tinnes.com,http://www.billietinnes.com
Zackary,Mockus,Metropolitan Elevator Co,286 State St,Perth Amboy,Middlesex,NJ,8861,732-442-0638,732-442-5218,zackary@mockus.com,http://www.zackarymockus.com
Rosemarie,Fifield,Technology Services,3131 N Nimitz Hwy  #-105,Honolulu,Honolulu,HI,96819,808-836-8966,808-836-6008,rosemarie@fifield.com,http://www.rosemariefifield.com
Bernard,Laboy,Century 21 Keewaydin Prop,22661 S Frontage Rd,Channahon,Will,IL,60410,815-467-0487,815-467-1244,bernard@laboy.com,http://www.bernardlaboy.com
Sue,Haakinson,Kim Peacock Beringhause,9617 N Metro Pky W,Phoenix,Maricopa,AZ,85051,602-953-2753,602-953-0355,sue@haakinson.com,http://www.suehaakinson.com
Valerie,Pou,Sea Port Record One Stop Inc,7475 Hamilton Blvd,Trexlertown,Lehigh,PA,18087,610-395-8743,610-395-6995,valerie@pou.com,http://www.valeriepou.com
Lashawn,Hasty,Kpff Consulting Engineers,815 S Glendora Ave,West Covina,Los Angeles,CA,91790,626-960-6738,626-960-1503,lashawn@hasty.com,http://www.lashawnhasty.com
Marianne,Earman,Albers Technologies Corp,6220 S Orange Blossom Trl,Orlando,Orange,FL,32809,407-857-0431,407-857-2506,marianne@earman.com,http://www.marianneearman.com
Justina,Dragaj,"Uchner, David D Esq",2552 Poplar Ave,Memphis,Shelby,TN,38112,901-327-5336,901-327-2911,justina@dragaj.com,http://www.justinadragaj.com
Mandy,Mcdonnell,Southern Vermont Surveys,343 Bush St Se,Salem,Marion,OR,97302,503-371-8219,503-371-1118,mandy@mcdonnell.com,http://www.mandymcdonnell.com
Conrad,Lanfear,"Kahler, Karen T Esq",49 Roche Way,Youngstown,Mahoning,OH,44512,330-758-0314,330-758-3536,conrad@lanfear.com,http://www.conradlanfear.com
Cyril,Behen,National Paper & Envelope Corp,1650 S Harbor Blvd,Anaheim,Orange,CA,92802,714-772-5050,714-772-3859,cyril@behen.com,http://www.cyrilbehen.com
Shelley,Groden,"Norton, Robert L Esq",110 Broadway St,San Antonio,Bexar,TX,78205,210-229-3017,210-229-9757,shelley@groden.com,http://www.shelleygroden.com
Rosalind,Krenzke,Waldein Manufacturing,7000 Bass Lake Rd  #-200,Minneapolis,Hennepin,MN,55428,763-537-4194,763-537-3885,rosalind@krenzke.com,http://www.rosalindkrenzke.com
Davis,Brevard,Transit Trading Corp,6715 Tippecanoe Rd,Canfield,Mahoning,OH,44406,330-533-6346,330-533-8211,davis@brevard.com,http://www.davisbrevard.com
Winnie,Reich,Pacific Seating Co,1535 Hawkins Blvd,El Paso,El Paso,TX,79925,915-771-2730,915-771-5729,winnie@reich.com,http://www.winniereich.com
Trudy,Worlds,"Shapiro, Mark R Esq",24907 Tibbitts Aven  #-b,Valencia,Los Angeles,CA,91355,661-257-3083,661-257-0924,trudy@worlds.com,http://www.trudyworlds.com
Deshawn,Inafuku,Telair Div Of Teleflex Inc,3508 Leopard St,Corpus Christi,Nueces,TX,78408,361-884-8433,361-884-3985,deshawn@inafuku.com,http://www.deshawninafuku.com
Claudio,Loose,Audiotek Electronics,286 State St,Perth Amboy,Middlesex,NJ,8861,732-442-8514,732-442-1775,claudio@loose.com,http://www.claudioloose.com
Sal,Pindell,"Wrigley, Robert I Esq",1112 Se 1st St,Evansville,Vanderburgh,IN,47713,812-421-4804,812-421-7625,sal@pindell.com,http://www.salpindell.com
Cristina,Sharper,Tax Office,111 W 40th St,New York,New York,NY,10018,212-719-3952,212-719-0754,cristina@sharper.com,http://www.cristinasharper.com
Cary,Mccamey,Williams Scotsman,100 E Broad St,Columbus,Franklin,OH,43215,614-225-0900,614-225-1612,cary@mccamey.com,http://www.carymccamey.com
Haley,Rocheford,"Davis, Robert L Esq",6030 Greenwood Plaza Blvd,Englewood,Arapahoe,CO,80111,303-689-7729,303-689-5219,haley@rocheford.com,http://www.haleyrocheford.com
Dorothea,Sweem,"Ehrmann, Rolfe F Esq",100 Thanet Circ,Trenton,Mercer,NJ,8648,609-896-5871,609-896-2099,dorothea@sweem.com,http://www.dorotheasweem.com
Fannie,Steese,"Chiapete, W Richard Esq",926 E Park Ave,Tallahassee,Leon,FL,32301,850-222-8103,850-222-0105,fannie@steese.com,http://www.fanniesteese.com
Allyson,Gillispie,De Friese Theo & Sons,1722 White Horse Mercerville R,Trenton,Mercer,NJ,8619,609-584-1794,609-584-0645,allyson@gillispie.com,http://www.allysongillispie.com
Roger,Seid,"Yoshida, Gerald C Esq",3738 N Monroe St,Tallahassee,Leon,FL,32303,850-422-1535,850-422-8152,roger@seid.com,http://www.rogerseid.com
Dollie,Daquino,Jd Edwards & Co,1005 Congress Ave,Austin,Travis,TX,78701,512-478-9636,512-478-9874,dollie@daquino.com,http://www.dolliedaquino.com
Eva,Seahorn,Saunders Appraisal Inc,3 Northern Blvd,Amherst,Hillsborough,NH,3031,603-673-6072,603-673-5009,eva@seahorn.com,http://www.evaseahorn.com
Mamie,Mcintee,"Jacobs, Brian Realtor",2810 Jacobs Ave,Eureka,Humboldt,CA,95501,707-443-0621,707-443-9147,mamie@mcintee.com,http://www.mamiemcintee.com
Lyndon,Bellerdine,A B C Lock & Key,200 California St,San Francisco,San Francisco,CA,94111,415-705-1956,415-705-2887,lyndon@bellerdine.com,http://www.lyndonbellerdine.com
Lashonda,Derouen,Travel Agent Magazine,101 Royal St,Alexandria,Alexandria City,VA,22314,703-684-3394,703-684-0307,lashonda@derouen.com,http://www.lashondaderouen.com
Jacklyn,Emayo,Super 8 Motel Temple,101 Us Highway 46,Fairfield,Essex,NJ,7004,973-882-3960,973-882-1908,jacklyn@emayo.com,http://www.jacklynemayo.com
Rubin,Crotts,"Misko, Charles G Esq",303 N Indian Canyon Dr,Palm Springs,Riverside,CA,92262,760-327-0337,760-327-0929,rubin@crotts.com,http://www.rubincrotts.com
Boris,Catino,Dream Homes Usa Inc,645 Church St,Norfolk,Norfolk City,VA,23510,757-627-8408,757-627-6195,boris@catino.com,http://www.boriscatino.com
Jannie,Bowditch,Lindsays Landing Rv Pk & Mrna,1102 Main St,Grandview,Jackson,MO,64030,816-765-0961,816-765-3469,jannie@bowditch.com,http://www.janniebowditch.com
Colin,Altonen,"Smith, Arthur D Esq",1201 18th St,Denver,Denver,CO,80202,303-292-5477,303-292-4239,colin@altonen.com,http://www.colinaltonen.com
Kerry,Evertt,Washington Crossing Inn,337 S North Lake Blvd,Altamonte Springs,Seminole,FL,32701,407-332-9851,407-332-1718,kerry@evertt.com,http://www.kerryevertt.com
Kathie,Argenti,Microtel Franchise & Dev Corp,410 Front St,Brainerd,Crow Wing,MN,56401,218-828-9253,218-828-1401,kathie@argenti.com,http://www.kathieargenti.com
Henrietta,Cintora,"Keyes, Judith Droz Esq",1063 Fm Wzzw,Milton,Cabell,WV,25541,304-743-5440,304-743-7475,henrietta@cintora.com,http://www.henriettacintora.com
Mariano,Maury,Donut & Sandwich Shop,1092 Saint Georges Ave,Rahway,Union,NJ,7065,732-388-1579,732-388-9355,mariano@maury.com,http://www.marianomaury.com
Lottie,Voll,"Mason, Joseph G Esq",55 E 10th Ave,Eugene,Lane,OR,97401,541-342-7282,541-342-4657,lottie@voll.com,http://www.lottievoll.com
Ofelia,Sheffler,Rimpsey Agency,628 Pacific Ave,Oxnard,Ventura,CA,93030,805-483-7161,805-483-5693,ofelia@sheffler.com,http://www.ofeliasheffler.com
Gaston,Cieloszyk,Center For Hope Hospice Inc,1160 Wccs,Homer City,Indiana,PA,15748,724-479-0355,724-479-7077,gaston@cieloszyk.com,http://www.gastoncieloszyk.com
Karla,Ken,Nicollet Process Engineering,2135 11th St,Rockford,Winnebago,IL,61104,815-968-0369,815-968-7904,karla@ken.com,http://www.karlaken.com
Avery,Parbol,"Schlackman, William H",22343 Se Stark St,Gresham,Multnomah,OR,97030,503-666-1948,503-666-9241,avery@parbol.com,http://www.averyparbol.com
John,Chipley,Manpower Temporary Services,2 Horizon Rd  #-2,Fort Lee,Bergen,NJ,7024,201-224-7741,201-224-7282,john@chipley.com,http://www.johnchipley.com
Luella,Pliner,United Waste Systems,3437 N 12th Ave,Pensacola,Escambia,FL,32503,850-434-2521,850-434-5228,luella@pliner.com,http://www.luellapliner.com
Elvira,Blumenthal,Stell Mortgage Investors,108 Washington St,Keokuk,Lee,IA,52632,319-524-6237,319-524-9435,elvira@blumenthal.com,http://www.elvirablumenthal.com
Tyree,Courrege,Stitch Craft,13201 Northwest Fwy,Houston,Harris,TX,77040,713-690-9216,713-690-4043,tyree@courrege.com,http://www.tyreecourrege.com
Ramon,Amaral,Air Academy Federal Credit Un,700 W Highway 287,Lander,Fremont,WY,82520,307-332-2667,307-332-3893,ramon@amaral.com,http://www.ramonamaral.com
Wilfredo,Gidley,"Mclaughlin, John F Esq",2255 Kuhio Ave  #-1203,Honolulu,Honolulu,HI,96815,808-924-2610,808-924-7666,wilfredo@gidley.com,http://www.wilfredogidley.com
Gracie,Ehn,P C Systems,Kahala,Honolulu,Honolulu,HI,96816,808-247-8624,808-247-7982,gracie@ehn.com,http://www.gracieehn.com
Dorthy,Alexy,Frank Siviglia & Co,Pearlridge,Aiea,Honolulu,HI,96701,808-247-4421,808-247-7192,dorthy@alexy.com,http://www.dorthyalexy.com
Bertie,Luby,"Puckett, Dennis L Esq",Windward,Kaneohe,Honolulu,HI,96744,808-247-8062,808-247-2529,bertie@luby.com,http://www.bertieluby.com
Rudy,Kuhle,General Insurcorp Inc,1418 3rd Ave,New York,New York,NY,10028,212-628-9987,212-628-1234,rudy@kuhle.com,http://www.rudykuhle.com
Gale,Nolau,"Lust, C James Esq",104 N Aurora St,Ithaca,Tompkins,NY,14850,607-277-1567,607-277-6524,gale@nolau.com,http://www.galenolau.com
Kenya,Bruni,"Hurley, Thomas J Jr",280 N Midland Ave,Saddle Brook,Bergen,NJ,7663,201-646-9077,201-646-8526,kenya@bruni.com,http://www.kenyabruni.com
Tricia,Kruss,"Edwards, Elwood L",4685 Ne 14th St,Des Moines,Polk,IA,50313,515-262-3267,515-262-6264,tricia@kruss.com,http://www.triciakruss.com
Mack,Jurasin,"Sherman, Michael D Esq",1180 Dora Hwy,Pulaski,Pulaski,VA,24301,540-980-4958,540-980-2978,mack@jurasin.com,http://www.mackjurasin.com
Margarito,Kornbau,Acker Knitting Mills Inc,303 W 15th St,Austin,Travis,TX,78701,512-478-0371,512-478-4449,margarito@kornbau.com,http://www.margaritokornbau.com
Lucien,Iurato,Anderson Consulting,3918 16th Ave,Brooklyn,Kings,NY,11218,718-871-7952,718-871-3483,lucien@iurato.com,http://www.lucieniurato.com
Jarvis,Galas,Younghans & Burke,307 E President St,Savannah,Chatham,GA,31401,912-236-8524,912-236-8705,jarvis@galas.com,http://www.jarvisgalas.com
Billie,Cowley,"Spears, Robert M Esq",1700 Street Rd,Warrington,Bucks,PA,18976,215-548-0842,215-548-4706,billie@cowley.com,http://www.billiecowley.com
Jacinto,Gawron,Matt Kokkonen Insurance Agency,1740 House,Lumberville,Bucks,PA,18933,215-297-0120,215-297-5442,jacinto@gawron.com,http://www.jacintogawron.com
Randall,Kluemper,Lifestyles Organization,Rt 16,North Conway,Carroll,NH,3860,603-356-3217,603-356-6174,randall@kluemper.com,http://www.randallkluemper.com
Enrique,Oroark,"Callaghan, Kathleen M Esq",34 W 17th St,New York,New York,NY,10011,212-366-5568,212-366-6877,enrique@oroark.com,http://www.enriqueoroark.com
Alva,Pennigton,Citizens Savings Bank,1275 County Road 210 W,Jacksonville,Saint Johns,FL,32259,904-260-2345,904-260-3735,alva@pennigton.com,http://www.alvapennigton.com
Socorro,Balandran,Mooring,401 S Main St,Greensburg,Westmoreland,PA,15601,724-834-6908,724-834-8831,socorro@balandran.com,http://www.socorrobalandran.com
Nadia,Wilshire,Midwest Undercar Distributors,1801 West Ave S,La Crosse,La Crosse,WI,54601,608-788-4965,608-788-5946,nadia@wilshire.com,http://www.nadiawilshire.com
Reginald,Humes,Cowley & Chidester,44 N Main St,Wolfeboro,Carroll,NH,3894,603-569-7730,603-569-8142,reginald@humes.com,http://www.reginaldhumes.com
Lynda,Caraway,Lowe Art Museum,1822 Spring Garden St,Philadelphia,Philadelphia,PA,19130,215-564-3171,215-564-2241,lynda@caraway.com,http://www.lyndacaraway.com
Saundra,Mcaulay,Rcf Inc,2401 Cleveland Rd W,Huron,Erie,OH,44839,419-433-5558,419-433-9756,saundra@mcaulay.com,http://www.saundramcaulay.com
Allan,Schwantd,Micro Wire Products,406 Ne 3rd St,McMinnville,Yamhill,OR,97128,503-434-9666,503-434-3863,allan@schwantd.com,http://www.allanschwantd.com
Wilmer,Constantineau,Nutra Source,1745 W 18th Ave,Eugene,Lane,OR,97402,541-345-4729,541-345-4884,wilmer@constantineau.com,http://www.wilmerconstantineau.com
Savannah,Kesich,Wbnd Am,221 Main,Park City,Summit,UT,84060,435-645-0986,435-645-9504,savannah@kesich.com,http://www.savannahkesich.com
Dwain,Cuttitta,Kintech Stamping Inc,1919 Connecticut Ave Nw,Washington,District of Columbia,DC,20009,202-265-7854,202-265-9475,dwain@cuttitta.com,http://www.dwaincuttitta.com
Krystle,Stika,Signature Inn,3730 Fm,Houston,Harris,TX,77068,281-537-5324,281-537-3235,krystle@stika.com,http://www.krystlestika.com
Felipe,Gould,"Black, Ronald H",2308 Bienville Blvd,Ocean Springs,Jackson,MS,39564,228-875-2811,228-875-6402,felipe@gould.com,http://www.felipegould.com
Steve,Schorr,Midwest Fire Protection Inc,1810 N King St,Honolulu,Honolulu,HI,96819,808-842-7045,808-842-7338,steve@schorr.com,http://www.steveschorr.com
Naomi,Caetano,Bashlin Industries Inc,50 Spring St  #-1,Cresskill,Bergen,NJ,7626,201-569-3572,201-569-5795,naomi@caetano.com,http://www.naomicaetano.com
Melody,Saddat,"Richards, Edward W Esq",3540 S 84th St,Omaha,Douglas,NE,68124,402-397-0581,402-397-8391,melody@saddat.com,http://www.melodysaddat.com
Mitchel,Harnar,Copycat Quick Print,1810 Pioneer Ave,Cheyenne,Laramie,WY,82001,307-632-0256,307-632-2516,mitchel@harnar.com,http://www.mitchelharnar.com
Sharlene,Circelli,Calibron Systems Inc,4018 W Clearwater Ave,Kennewick,Benton,WA,99336,509-783-5167,509-783-7346,sharlene@circelli.com,http://www.sharlenecircelli.com
Sean,Bonnet,Corporate Alternatives Inc,3043 Ridge Rd,Lansing,Cook,IL,60438,708-474-4766,708-474-0011,sean@bonnet.com,http://www.seanbonnet.com
Travis,Brockert,Santa Cruz Title Co,7828 N 19th Ave,Phoenix,Maricopa,AZ,85021,602-995-1362,602-995-0966,travis@brockert.com,http://www.travisbrockert.com
Candice,Bruckman,Fernando Foods Inc,611 1st Ave N,Humboldt,Humboldt,IA,50548,515-332-0809,515-332-9083,candice@bruckman.com,http://www.candicebruckman.com
Mabel,Weeden,Pepsi Cola Gen Bottlers Inc,300 E Phillips St,Richardson,Dallas,TX,75081,972-235-5619,972-235-1843,mabel@weeden.com,http://www.mabelweeden.com
Armando,Papik,Cryogenic Society Of America,615 W Markham St,Little Rock,Pulaski,AR,72201,501-376-4154,501-376-0608,armando@papik.com,http://www.armandopapik.com
Kevin,Edd,"Peebles, William J Esq",64 Dyerville Ave,Johnston,Providence,RI,2919,401-453-8514,401-453-7085,kevin@edd.com,http://www.kevinedd.com
Raphael,Bickel,S Shamash & Sons Inc,550 N Brand Blvd  #-800,Glendale,Los Angeles,CA,91203,818-246-1195,818-246-4734,raphael@bickel.com,http://www.raphaelbickel.com
Darren,Merlin,Pozzuolo & Perkiss Pc,550 N Edward St,Decatur,Macon,IL,62522,217-428-0453,217-428-1491,darren@merlin.com,http://www.darrenmerlin.com
Francis,Soo,Allen Industrial Supply,218 W Main St,Sparta,Monroe,WI,54656,608-269-7306,608-269-3359,francis@soo.com,http://www.francissoo.com
Nelly,Jakuboski,"Hammerman, Stanley M Esq",103 Main St,Ridgefield,Fairfield,CT,6877,203-438-9250,203-438-5109,nelly@jakuboski.com,http://www.nellyjakuboski.com
Mitzi,Ihenyen,"Helm, Norman O",979 3rd Ave,New York,New York,NY,10022,212-838-8303,212-838-3221,mitzi@ihenyen.com,http://www.mitziihenyen.com
Kathleen,Beresnyak,R & E Associates,100 W 25th Ave,San Mateo,San Mateo,CA,94403,650-349-6809,650-349-5962,kathleen@beresnyak.com,http://www.kathleenberesnyak.com
Adela,Cervantsz,Arizona Awards,102 5th St N,Clanton,Chilton,AL,35045,205-755-4137,205-755-1034,adela@cervantsz.com,http://www.adelacervantsz.com
Randal,Gansen,Quik Print,1 First Federal Plz,Rochester,Monroe,NY,14614,585-238-8558,585-238-7764,randal@gansen.com,http://www.randalgansen.com
Alyssa,Biasotti,Johnson Hardware Co,22 James St,Middletown,Orange,NY,10940,845-343-1878,845-343-5354,alyssa@biasotti.com,http://www.alyssabiasotti.com
Janet,Schaffter,"Hall, Camden M Esq",131 Rimbach St,Hammond,Lake,IN,46320,219-853-9283,219-853-9329,janet@schaffter.com,http://www.janetschaffter.com
Armando,Kolm,Cooper & Cooper Cpas,201 N Main St,Anderson,Anderson,SC,29621,864-260-3642,864-260-9205,armando@kolm.com,http://www.armandokolm.com
Gil,Scarpa,"Hughes, James D Esq",12 E Broad St,Hazleton,Luzerne,PA,18201,570-459-9281,570-459-5191,gil@scarpa.com,http://www.gilscarpa.com
Vanessa,Lewallen,Fargo Glass & Paint Co,5 E Main,Centerburg,Knox,OH,43011,740-625-8098,740-625-1696,vanessa@lewallen.com,http://www.vanessalewallen.com
Burton,Brining,Corcoran Machine Company,135 E Liberty St,Wooster,Wayne,OH,44691,330-262-5481,330-262-7555,burton@brining.com,http://www.burtonbrining.com
Rosalie,Krigger,"Aaron, William Esq",330 Route 211 E,Middletown,Orange,NY,10940,845-343-2313,845-343-2979,rosalie@krigger.com,http://www.rosaliekrigger.com
Tammie,Schwartzwalde,"Cox, Thomas E",415 Center St,Ironton,Lawrence,OH,45638,740-532-5488,740-532-0319,tammie@schwartzwalde.com,http://www.tammieschwartzwalde.com
Darrin,Neiss,"Delaney, James J Jr",101 W Central Blvd,Kewanee,Henry,IL,61443,309-852-5127,309-852-8638,darrin@neiss.com,http://www.darrinneiss.com
Rosalia,Kennemur,"Reagan, Thomas J Esq",222 S 10th St,Oakdale,Allen,LA,71463,318-335-5586,318-335-1873,rosalia@kennemur.com,http://www.rosaliakennemur.com
Callie,Leboeuf,Town Motors,100 S 2nd Ave,Alpena,Alpena,MI,49707,989-354-3344,989-354-3712,callie@leboeuf.com,http://www.callieleboeuf.com
Patty,Bernasconi,Porter Wright Morris & Arthur,851 Fort Street Mall,Honolulu,Honolulu,HI,96813,808-531-2621,808-531-6234,patty@bernasconi.com,http://www.pattybernasconi.com
Elmo,Gabouer,Conduit & Foundation Corp,275 W Bridge St,New Hope,Bucks,PA,18938,215-862-6538,215-862-7006,elmo@gabouer.com,http://www.elmogabouer.com
Logan,Muhl,"Brown, Phillip C Esq",126 S Bellevue Ave,Langhorne,Bucks,PA,19047,215-757-6124,215-757-2785,logan@muhl.com,http://www.loganmuhl.com
Vivian,Brzostowski,"Savage, Philip M Iii",118 Mill St,Bristol,Bucks,PA,19007,215-788-2791,215-788-3902,vivian@brzostowski.com,http://www.vivianbrzostowski.com
Efren,Baucher,R O Binson Inc,Rts 232 & 413,Newtown,Bucks,PA,18940,215-598-4644,215-598-5929,efren@baucher.com,http://www.efrenbaucher.com
Kurtis,Mcbay,P C Enterprises Ltd,737 Levittown Ctr,Levittown,Bucks,PA,19055,215-946-6048,215-946-6458,kurtis@mcbay.com,http://www.kurtismcbay.com
Guillermo,Tsang,"Gillis, Donald W Esq",16 Highland Park Way,Levittown,Bucks,PA,19056,215-949-7912,215-949-8919,guillermo@tsang.com,http://www.guillermotsang.com
Milton,Kuhlman,Imag Corp,237 Jackson St Sw,Camden,Ouachita,AR,71701,870-836-9021,870-836-2283,milton@kuhlman.com,http://www.miltonkuhlman.com
Naomi,Greenly,Kpmg Peat Marwick Llp,1400 Gault Ave N,Fort Payne,De Kalb,AL,35967,256-845-1216,256-845-2469,naomi@greenly.com,http://www.naomigreenly.com
Mary,Maurizio,Carey Filter White & Boland,404 Main St,Delta,Fulton,OH,43515,419-822-7176,419-822-0591,mary@maurizio.com,http://www.marymaurizio.com
Caitlin,Reiniger,"White, Lawrence R Esq",140 N Columbus St,Galion,Crawford,OH,44833,419-468-6910,419-468-9018,caitlin@reiniger.com,http://www.caitlinreiniger.com
Coleman,Cuneo,M & M Mars,25 E High St,Waynesburg,Greene,PA,15370,724-627-4378,724-627-2305,coleman@cuneo.com,http://www.colemancuneo.com
Rachel,Larrison,Ipa The Editing House,3721 Oberlin Ave,Lorain,Lorain,OH,44053,440-282-3729,440-282-6918,rachel@larrison.com,http://www.rachellarrison.com
Dwayne,Maddalena,"Ebbeson, James O Esq",532 Court St,Pekin,Tazewell,IL,61554,309-347-1137,309-347-9282,dwayne@maddalena.com,http://www.dwaynemaddalena.com
Angelique,Schermerhorn,Safety Direct Inc,511 Saint Johns Ave,Palatka,Putnam,FL,32177,386-328-7869,386-328-1499,angelique@schermerhorn.com,http://www.angeliqueschermerhorn.com
Junior,Wadlinger,Sonos Music,185 E Market St,Warren,Trumbull,OH,44481,330-393-9794,330-393-6808,junior@wadlinger.com,http://www.juniorwadlinger.com
Darrel,Tork,S & T Machining,2121 S Mannheim Rd,Westchester,Cook,IL,60154,708-865-8091,708-865-8984,darrel@tork.com,http://www.darreltork.com
Lana,Garrigus,Russell Builders & Hardware,118 Ne 3rd St,McMinnville,Yamhill,OR,97128,503-434-2642,503-434-8121,lana@garrigus.com,http://www.lanagarrigus.com
Jonathon,Waldall,Mission Hills Escrow,300 Hampton St,Walterboro,Colleton,SC,29488,843-549-9461,843-549-0125,jonathon@waldall.com,http://www.jonathonwaldall.com
Kristine,Paker,Chagrin Valley Massotherapy,301 N Pine St,Creston,Union,IA,50801,641-782-7169,641-782-7962,kristine@paker.com,http://www.kristinepaker.com
Dwain,Agricola,Beatty Satchell Everngam & Co,211 N Main St,Leitchfield,Grayson,KY,42754,270-259-5194,270-259-0821,dwain@agricola.com,http://www.dwainagricola.com
Jewel,Agresta,Md Assn Cert Pub Accts Inc,4565 Harrison St,Hillside,Cook,IL,60162,708-449-7139,708-449-2963,jewel@agresta.com,http://www.jewelagresta.com
Georgette,Bandyk,Specialty Alumn Castings Inc,1965 Wakefield Ave,Petersburg,Petersburg City,VA,23805,804-796-2746,804-796-5351,georgette@bandyk.com,http://www.georgettebandyk.com
Geri,Forness,Quality Dynamics Group,Capitol Ave,Corydon,Harrison,IN,47112,812-738-9416,812-738-4816,geri@forness.com,http://www.geriforness.com
Modesto,Scroggie,"Bulloch, Bruce Cpa",300 Orlando Dr,Raritan,Somerset,NJ,8869,908-980-5621,908-980-9842,modesto@scroggie.com,http://www.modestoscroggie.com
Curt,Menedez,J & J Machinery Repair Inc,207 Yukon,Tampa,Hillsborough,FL,33604,813-932-8602,813-932-4548,curt@menedez.com,http://www.curtmenedez.com
Karen,Zombo,Healthcare Family Credit Union,3112 W Kennedy Blvd,Tampa,Hillsborough,FL,33609,813-872-4288,813-872-8262,karen@zombo.com,http://www.karenzombo.com
Lora,Lendor,Advanced Electromagnetics Inc,7 W Darlington Ave,Kissimmee,Osceola,FL,34741,407-870-0382,407-870-6229,lora@lendor.com,http://www.loralendor.com
Felipe,Mahone,Apartment Mart,1001 Bishop St  #-2850,Honolulu,Honolulu,HI,96813,808-536-3239,808-536-1231,felipe@mahone.com,http://www.felipemahone.com
Rosalyn,Daulton,Rodgard Corp,300 Broadacres Dr,Bloomfield,Essex,NJ,7003,973-338-8552,973-338-1603,rosalyn@daulton.com,http://www.rosalyndaulton.com
Marquita,Bousman,"Constantine, Katherine A Esq",30 Highland Ave,Warwick,Orange,NY,10990,845-986-0909,845-986-2447,marquita@bousman.com,http://www.marquitabousman.com
Carla,Sirbaugh,"Urso, Natale L Esq",110 S La Brea Ave  #-22,Inglewood,Los Angeles,CA,90301,310-412-6653,310-412-1067,carla@sirbaugh.com,http://www.carlasirbaugh.com
Wes,Fontanella,Woodside Travel Trust,1369 W Redondo Beach Blvd,Gardena,Los Angeles,CA,90247,310-515-3065,310-515-2515,wes@fontanella.com,http://www.wesfontanella.com
Meredith,Ivrin,Hamilton Financial Corp,323 N Gilbert St,Danville,Vermilion,IL,61832,217-446-7172,217-446-2369,meredith@ivrin.com,http://www.meredithivrin.com
Laurie,Bigg,Essc Inc,14500 Lakeside Cir,Sterling Heights,Macomb,MI,48313,586-247-6171,586-247-9791,laurie@bigg.com,http://www.lauriebigg.com
Barton,Friesner,Optical Supply,1 Summit Ct,Fishkill,Dutchess,NY,12524,845-896-6652,845-896-1692,barton@friesner.com,http://www.bartonfriesner.com
Sophie,Langner,"Kapetanakis, Alexander Esq",535 Ward Ave  #-204,Honolulu,Honolulu,HI,96814,808-545-7695,808-545-8636,sophie@langner.com,http://www.sophielangner.com
Garfield,Lijewski,"Denker, Aaron Esq",6401 N Lincoln Ave,Chicago,Cook,IL,60645,773-976-3827,773-976-5586,garfield@lijewski.com,http://www.garfieldlijewski.com
Warren,Speach,E Norwalk Crmc Tile & Mrbl Co,361 Park Ave,Scotch Plains,Union,NJ,7076,908-322-3846,908-322-6744,warren@speach.com,http://www.warrenspeach.com
Madonna,Cosby,Emanuel Reider Architects Inc,135 Main St,San Francisco,San Francisco,CA,94105,415-956-4437,415-956-5134,madonna@cosby.com,http://www.madonnacosby.com
Valeria,Lingbeek,Recreation Director,State,Newtown,Bucks,PA,18940,215-968-8421,215-968-1567,valeria@lingbeek.com,http://www.valerialingbeek.com
Heath,Vanalphen,California Stat Min & Mnrl Mus,227 Commercial St,Provincetown,Barnstable,MA,2657,508-487-6010,508-487-0597,heath@vanalphen.com,http://www.heathvanalphen.com
Marisa,Woldridge,"Wegner, Tim Esq",153 Baltimore St,Cumberland,Allegany,MD,21502,301-759-7421,301-759-9676,marisa@woldridge.com,http://www.marisawoldridge.com
Rene,Dummermuth,Super 8 Motel,2 Ridgedale Ave,Cedar Knolls,Morris,NJ,7927,973-292-7918,973-292-5898,rene@dummermuth.com,http://www.renedummermuth.com
Helga,Windle,"Loew, Andrea H Esq",99185 Moanalua Rd  #-101,Aiea,Honolulu,HI,96701,808-487-7779,808-487-6258,helga@windle.com,http://www.helgawindle.com
Margot,Arenburg,"Mcivor, Carolyn Md",736 N Mills Ave,Orlando,Orange,FL,32803,407-896-1593,407-896-6679,margot@arenburg.com,http://www.margotarenburg.com
Sheila,Holloran,Warehouse On Wheels,126 S Main St,Clyde,Sandusky,OH,43410,419-547-9428,419-547-4835,sheila@holloran.com,http://www.sheilaholloran.com
Melinda,Carleton,Cenol Co,395 Revilo Ave,Shirley,Suffolk,NY,11967,631-399-1636,631-399-6025,melinda@carleton.com,http://www.melindacarleton.com
Ike,Zeolla,"Halpin, Irene A Esq",1900 L St Nw,Washington,District of Columbia,DC,20036,202-331-1409,202-331-7781,ike@zeolla.com,http://www.ikezeolla.com
Elmo,Dagenais,P C Routing Inc,12914 Old Stage Rd,Chester,Chesterfield,VA,23831,804-796-5647,804-796-9493,elmo@dagenais.com,http://www.elmodagenais.com
Valentine,Granberry,Sunnyvale Travel,1019 Shadick Dr,Orange City,Volusia,FL,32763,407-775-4269,407-775-0598,valentine@granberry.com,http://www.valentinegranberry.com
Waldo,Sisk,Muller Drugs Inc,2211 Us Highway 19,Holiday,Pasco,FL,34691,727-934-3827,727-934-7181,waldo@sisk.com,http://www.waldosisk.com
Robt,Braithwaite,"Meyer, Janet Md",320 W Mclane St,Osceola,Clarke,IA,50213,641-342-1276,641-342-6031,robt@braithwaite.com,http://www.robtbraithwaite.com
Corinne,Cowan,Ward Equipment Co,20 Montana Ave,Laurel,Yellowstone,MT,59044,406-628-4030,406-628-9418,corinne@cowan.com,http://www.corinnecowan.com
Rebeca,Brumet,Kingston Office Supplies Inc,936 N Western Ave,Chicago,Cook,IL,60622,773-772-4015,773-772-1603,rebeca@brumet.com,http://www.rebecabrumet.com
Lynn,Saulsberry,Printing Factory Inc,2725 W Mcdowell Rd,Phoenix,Maricopa,AZ,85009,602-272-8326,602-272-3143,lynn@saulsberry.com,http://www.lynnsaulsberry.com
Hannah,Facio,Cmptr Pros For Scl,115 E Church St,Elberton,Elbert,GA,30635,706-283-8280,706-283-6916,hannah@facio.com,http://www.hannahfacio.com
Benjamin,Schkade,Port Brownsville Pub Scale Inc,1636 E 1st Ave,Anchorage,Anchorage,AK,99501,907-278-8687,907-278-7166,benjamin@schkade.com,http://www.benjaminschkade.com
Athena,Fontanilla,Willamette Hobbies,5020 Germantown Ave,Philadelphia,Philadelphia,PA,19144,215-438-9675,215-438-1716,athena@fontanilla.com,http://www.athenafontanilla.com
Alene,Rabeck,Bucks County Of,475 E 162nd St,South Holland,Cook,IL,60473,708-333-8056,708-333-2125,alene@rabeck.com,http://www.alenerabeck.com
Yvette,Kokoska,Automation Products Inc,200 Valley Dr,Brisbane,San Mateo,CA,94005,650-468-3592,650-468-7716,yvette@kokoska.com,http://www.yvettekokoska.com
Petra,Clemmens,Belton Industries Inc,980 N Federal Hwy,Boca Raton,Palm Beach,FL,33432,561-394-2152,561-394-1574,petra@clemmens.com,http://www.petraclemmens.com
Carmel,Overfelt,Woodworkers Supply Inc,6801 Lake Worth Rd,Lake Worth,Palm Beach,FL,33467,561-965-5167,561-965-1433,carmel@overfelt.com,http://www.carmeloverfelt.com
Danette,Fostervold,"Flach, Douglas Esq",6920 Santa Teresa Blvd,San Jose,Santa Clara,CA,95119,408-225-1319,408-225-5205,danette@fostervold.com,http://www.danettefostervold.com
Vince,Ettel,Breen Trucking,408 Main St,Springfield,Sarpy,NE,68059,402-399-6999,402-399-6478,vince@ettel.com,http://www.vinceettel.com
Davis,Heideman,Dennis J Wall Atty At Law Pa,801 W 5th St,Fort Worth,Tarrant,TX,76102,817-332-7902,817-332-5439,davis@heideman.com,http://www.davisheideman.com
Bradly,Hasselvander,Public Works Department Office,2302 Artesia Blvd,Redondo Beach,Los Angeles,CA,90278,310-374-2374,310-374-2363,bradly@hasselvander.com,http://www.bradlyhasselvander.com
Nathanial,Phoenix,Precision Steel Rule Die Co,1000 Nw 105th St,Oklahoma City,Oklahoma,OK,73114,405-748-7637,405-748-1856,nathanial@phoenix.com,http://www.nathanialphoenix.com
Lamar,Mckibben,"Battaglia, Jack M Esq",1620 Folsom St,San Francisco,San Francisco,CA,94103,415-864-7338,415-864-7623,lamar@mckibben.com,http://www.lamarmckibben.com
Shanna,Numkena,Anderson Independent Mail,1426 5th Pl Nw,Rochester,Olmsted,MN,55901,507-280-1856,507-280-6844,shanna@numkena.com,http://www.shannanumkena.com
Helena,Suermann,"Stubenberge, James A Esq",897 Independence Ave,Mountain View,Santa Clara,CA,94043,650-965-0255,650-965-3368,helena@suermann.com,http://www.helenasuermann.com
Delphine,Helmich,Friends Hospital,50 Aviation Way,Watsonville,Santa Cruz,CA,95076,831-763-4348,831-763-0923,delphine@helmich.com,http://www.delphinehelmich.com
Barbara,Hindley,Kirin Amgen,904 N Lake St,Burbank,Los Angeles,CA,91502,818-841-8886,818-841-8221,barbara@hindley.com,http://www.barbarahindley.com
Sheryl,Sisofo,Thrifty Sign Stop,1049 S Mccord Rd,Holland,Lucas,OH,43528,419-865-8702,419-865-1836,sheryl@sisofo.com,http://www.sherylsisofo.com
Robyn,Christophel,"Woodward, John C Esq",3420 E Flamingo Rd,Las Vegas,Clark,NV,89121,702-458-1072,702-458-2093,robyn@christophel.com,http://www.robynchristophel.com
Gayla,Geimer,Ortman Mccain Co,1280 Price Ave,Pomona,Los Angeles,CA,91767,909-620-6453,909-620-2768,gayla@geimer.com,http://www.gaylageimer.com
Evan,Pyfrom,Nevada Baking Co,5430 Alpha Rd,Dallas,Dallas,TX,75240,214-661-4625,214-661-8804,evan@pyfrom.com,http://www.evanpyfrom.com
Chad,Miklas,Red Carpet Inn,31 S Grove St,East Aurora,Erie,NY,14052,716-655-2736,716-655-2749,chad@miklas.com,http://www.chadmiklas.com
Trey,Tout,"Breen, Sean E Esq",100 Mbc Dr,Shawano,Shawano,WI,54166,715-526-6806,715-526-2421,trey@tout.com,http://www.treytout.com
Isabell,Armout,True Electric Corp,7895 S Cessna Ave,Gaithersburg,Montgomery,MD,20879,301-921-0406,301-921-1251,isabell@armout.com,http://www.isabellarmout.com
Alejandro,Mascall,Railway Educational Bureau,2350 Duke St,Alexandria,Alexandria City,VA,22314,703-684-2882,703-684-8561,alejandro@mascall.com,http://www.alejandromascall.com
Kennith,Kirklin,Sears Roebuck And Co,2303 21st Ave S,Nashville,Davidson,TN,37212,615-385-1598,615-385-6946,kennith@kirklin.com,http://www.kennithkirklin.com
Ike,Benthin,"Lee, Harry Esq",1062 Folsom St,San Francisco,San Francisco,CA,94103,415-255-5277,415-255-6543,ike@benthin.com,http://www.ikebenthin.com
Donald,Sherretts,Nylonge Corporation,1062 Folsom St,San Francisco,San Francisco,CA,94103,415-255-7718,415-255-7088,donald@sherretts.com,http://www.donaldsherretts.com
Lina,Hybarger,L & H Central Office,1828 Jefferson Pl Nw,Washington,District of Columbia,DC,20036,202-833-4983,202-833-3174,lina@hybarger.com,http://www.linahybarger.com
Rebekah,Padley,Reed Engineering Inc,200 E Delawr Pl,Chicago,Cook,IL,60611,312-944-1877,312-944-1477,rebekah@padley.com,http://www.rebekahpadley.com
Marion,Gaulden,"Madden, John H Jr",200 W South St,Charlottesville,Charlottesville City,VA,22902,434-979-9335,434-979-2694,marion@gaulden.com,http://www.mariongaulden.com
Maurine,Monroy,Central Distribution System,2000 Linwood Ave,Fort Lee,Bergen,NJ,7024,201-947-8922,201-947-4235,maurine@monroy.com,http://www.maurinemonroy.com
Rosanna,Sandrock,Computer X Consulting,1797 Lakewood Ter Se,Atlanta,Fulton,GA,30315,404-627-4604,404-627-4276,rosanna@sandrock.com,http://www.rosannasandrock.com
Marcelino,Maggs,Rascher & Betzold Inc,201 E Pine St,Orlando,Orange,FL,32801,407-420-1152,407-420-7195,marcelino@maggs.com,http://www.marcelinomaggs.com
Florine,Willardson,"Lunt, Donald C Esq",5605 Ne 105th Ave,Portland,Multnomah,OR,97220,503-256-6559,503-256-8982,florine@willardson.com,http://www.florinewillardson.com
Jude,Haza,Howard Fabrication,1348 Liberty Pike,Franklin,Williamson,TN,37067,615-790-3984,615-790-3042,jude@haza.com,http://www.judehaza.com
Eldon,Sutch,Friesen And Kane Public Accts,1818 E Atlantic St,Philadelphia,Philadelphia,PA,19134,215-743-2414,215-743-2529,eldon@sutch.com,http://www.eldonsutch.com
Lashonda,Enote,Nichols Village The Inn,6301 Owensmouth Ave,Woodland Hills,Los Angeles,CA,91367,818-704-8490,818-704-7539,lashonda@enote.com,http://www.lashondaenote.com
Marla,Folz,Odonoghue C Kevin,201 Electronics Blvd Sw,Huntsville,Madison,AL,35824,256-464-3329,256-464-6964,marla@folz.com,http://www.marlafolz.com
Reginald,Lunan,Healey Chevy Olds Buick Geo,985 Parker Ct,Santa Clara,Santa Clara,CA,95050,408-727-1747,408-727-0884,reginald@lunan.com,http://www.reginaldlunan.com
Kyle,Lindauer,Gem Tec Inc,2000 E Jefferson St,Phoenix,Maricopa,AZ,85034,602-258-5196,602-258-8609,kyle@lindauer.com,http://www.kylelindauer.com
Son,Marschke,Evenings Dlght Fireplaces,1119 Wheeler Ave,Scranton,Lackawanna,PA,18510,570-969-0886,570-969-8176,son@marschke.com,http://www.sonmarschke.com
Johnie,Minaai,"Darling, Pamela E",2100 Linwood Ave,Fort Lee,Bergen,NJ,7024,201-592-4771,201-592-8423,johnie@minaai.com,http://www.johnieminaai.com
Kelli,Varrato,Frances Meyer Inc,2505 Congress St,San Diego,San Diego,CA,92110,858-298-3969,858-298-6695,kelli@varrato.com,http://www.kellivarrato.com
Neva,Marsell,Comfort Inn Wilshire,1312 W Lincoln Ave,Olivia,Renville,MN,56277,320-523-4975,320-523-8378,neva@marsell.com,http://www.nevamarsell.com
Brice,Hedglin,"Cupkovic, Walter D Esq",2809 Granny White Pike,Nashville,Davidson,TN,37204,615-292-9016,615-292-9027,brice@hedglin.com,http://www.bricehedglin.com
Terrance,Nimmer,C D Short Foods Inc,1400 N Woodward Ave,Bloomfield Hills,Oakland,MI,48304,248-647-0653,248-647-1999,terrance@nimmer.com,http://www.terrancenimmer.com
Carol,Krisman,Uniglobe Transeas Travel,100 E 85th St,New York,New York,NY,10028,212-472-7877,212-472-9579,carol@krisman.com,http://www.carolkrisman.com
Dollie,Pillitteri,Jiffy Moving & Storage Company,4024 Merchant Rd,Fort Wayne,Allen,IN,46818,260-489-3094,260-489-4697,dollie@pillitteri.com,http://www.dolliepillitteri.com
Mellissa,Sule,"Dowse, Geoffrey Esq",92 Argonaut  #-270,Aliso Viejo,Orange,CA,92656,949-768-6176,949-768-8107,mellissa@sule.com,http://www.mellissasule.com
Antony,Thierauf,"Gutzwiller, Robert H Esq",4915 Industrial Way,Coeur d Alene,Kootenai,ID,83814,208-667-5252,208-667-5935,antony@thierauf.com,http://www.antonythierauf.com
Reina,Reisenauer,Terrance Fox,207 N Main St,Hutchins,Dallas,TX,75141,972-225-9930,972-225-9569,reina@reisenauer.com,http://www.reinareisenauer.com
Zane,Sulikowski,Meijer Associates Credit Union,2375 3rd St,Riverside,Riverside,CA,92507,951-683-4479,951-683-9932,zane@sulikowski.com,http://www.zanesulikowski.com
Hilario,Cassa,Independence Assocaites Inc,2222 Santa Monica Blvd,Santa Monica,Los Angeles,CA,90404,310-828-6710,310-828-1895,hilario@cassa.com,http://www.hilariocassa.com
Veronica,Radman,"Martin, Anthony D Esq",235 W Main St,Charlottesville,Charlottesville City,VA,22902,434-979-3306,434-979-9777,veronica@radman.com,http://www.veronicaradman.com
Teri,Erlewine,League Of Kans Municipalities,370 34th St St,Saint Petersburg,Pinellas,FL,33711,727-327-3850,727-327-8494,teri@erlewine.com,http://www.terierlewine.com
Alissa,Mountjoy,Technical & Mgmt Svc Corp,6585 Commerce Blvd,Rohnert Park,Sonoma,CA,94928,707-585-9715,707-585-7011,alissa@mountjoy.com,http://www.alissamountjoy.com
Helene,Iberg,Spec Check Inc,24800 Rockside Rd,Bedford,Cuyahoga,OH,44146,440-786-6052,440-786-9246,helene@iberg.com,http://www.heleneiberg.com
Lona,Scronce,L & L Builders,Rte 6 & 209,Matamoras,Pike,PA,18336,570-296-4820,570-296-2054,lona@scronce.com,http://www.lonascronce.com
Jeremy,Lampi,E Henderson Inc,150 Sawkill Ave,Milford,Pike,PA,18337,570-296-7797,570-296-4647,jeremy@lampi.com,http://www.jeremylampi.com
Mitch,Schattner,Cosgrove Eisenberg & Kiley Pc,3001 Geary Blvd,San Francisco,San Francisco,CA,94118,415-668-8105,415-668-5841,mitch@schattner.com,http://www.mitchschattner.com
Hans,Carlan,Midlen & Guillot Chartered,509 W 4th Ave,Anchorage,Anchorage,AK,99501,907-276-2956,907-276-6002,hans@carlan.com,http://www.hanscarlan.com
Concetta,Sarchett,Barco/chromatics Inc,2405 Grand Blvd,Kansas City,Jackson,MO,64108,816-274-3833,816-274-6897,concetta@sarchett.com,http://www.concettasarchett.com
Isaac,Zackery,Holiday Inn Of Issaquah,321 Palmer Rd,Denville,Morris,NJ,7834,973-328-5943,973-328-1903,isaac@zackery.com,http://www.isaaczackery.com
Doug,Matrisciano,Cefpi,12500 Ne 10th Pl,Bellevue,King,WA,98005,425-451-5906,425-451-1273,doug@matrisciano.com,http://www.dougmatrisciano.com
Devon,Samrah,Software Pursuits Inc,1219 Pine Ave,Orlando,Orange,FL,32824,407-240-2401,407-240-8312,devon@samrah.com,http://www.devonsamrah.com
Amos,Linnan,"Quincy, Jim",3960 W 26th St,Chicago,Cook,IL,60623,773-277-8332,773-277-4756,amos@linnan.com,http://www.amoslinnan.com
Manuel,Dienhart,Bohning Co Ltd,40 E Mcmicken Ave,Cincinnati,Hamilton,OH,45210,513-357-4669,513-357-7989,manuel@dienhart.com,http://www.manueldienhart.com
Audra,Cantu,Chesapeake Telephone Systems,935 S 2nd St,Plainfield,Union,NJ,7063,908-756-1816,908-756-5441,audra@cantu.com,http://www.audracantu.com
Keisha,Ransonet,Hsk Decker,1049 Lakloey Dr,North Pole,Fairbanks North Star,AK,99705,907-488-6897,907-488-2093,keisha@ransonet.com,http://www.keisharansonet.com
Rolando,Baumann,Erie Brush Co,921 Sw Washington St  #-321,Portland,Multnomah,OR,97205,503-241-6723,503-241-7691,rolando@baumann.com,http://www.rolandobaumann.com
Maryanne,Whyman,"Walls, Robert E Esq",1008 S San Pedro St,Los Angeles,Los Angeles,CA,90015,213-748-1137,213-748-0447,maryanne@whyman.com,http://www.maryannewhyman.com
Kurtis,Asberry,Budgetel Inns,Box #-37223,El Paso,El Paso,TX,79937,915-591-1621,915-591-3614,kurtis@asberry.com,http://www.kurtisasberry.com
Ed,Gompf,Corro Therm Inc,3 B Floor Care & Hskpg Svc,Catawissa,Columbia,PA,17820,570-799-2838,570-799-4583,ed@gompf.com,http://www.edgompf.com
Norman,Betance,Precision Electric Co Inc,7949 E Acoma Dr,Scottsdale,Maricopa,AZ,85260,480-991-7884,480-991-6547,norman@betance.com,http://www.normanbetance.com
Berta,Karczewski,Sather Eng Inc,1035 N Mcqueen Rd  #-133,Gilbert,Maricopa,AZ,85233,480-926-0770,480-926-7533,berta@karczewski.com,http://www.bertakarczewski.com
Mac,Marksberry,"Pursell, David B Esq",112 W Plum,Doniphan,Hall,NE,68832,402-845-4275,402-845-8229,mac@marksberry.com,http://www.macmarksberry.com
Sandra,Graen,Action Remediation Co,106 Erie St,Hutchinson,McLeod,MN,55350,320-587-3844,320-587-7201,sandra@graen.com,http://www.sandragraen.com
Lee,Javens,"Dyer, James R Esq",6086 N Lyons Rd,Burlington,Racine,WI,53105,262-763-9582,262-763-3845,lee@javens.com,http://www.leejavens.com
Fran,Zanders,River City Body Co,6312 S Yellowstone Hwy,Idaho Falls,Bonneville,ID,83402,208-525-6418,208-525-5501,fran@zanders.com,http://www.franzanders.com
Lane,Brantz,Kings Inn,106 Erie St,Hutchinson,McLeod,MN,55350,320-587-2903,320-587-3448,lane@brantz.com,http://www.lanebrantz.com
Bess,Marso,Lesher Printers Inc,15542 Chemical Ln,Huntington Beach,Orange,CA,92649,714-895-4582,714-895-8188,bess@marso.com,http://www.bessmarso.com
Tamara,Declue,Glen Burnie The Bank Of,1900 W Loop S  #-600,Houston,Harris,TX,77027,713-871-3958,713-871-6355,tamara@declue.com,http://www.tamaradeclue.com
Denise,Speegle,Shipley Oil Company,2078 Foster Ave,Wheeling,Cook,IL,60090,847-870-8743,847-870-6026,denise@speegle.com,http://www.denisespeegle.com
Lynda,Youtsey,Accurate Color Inc,1370 S Bertelsen Rd,Eugene,Lane,OR,97402,541-342-0606,541-342-0655,lynda@youtsey.com,http://www.lyndayoutsey.com
Diann,Burigsay,"Snyder, Stephen E Esq",13026 S Normandie Ave,Gardena,Los Angeles,CA,90249,310-321-8278,310-321-0564,diann@burigsay.com,http://www.diannburigsay.com
Mari,Hwang,Play Craft Pontoon Co,23352 El Toro Rd,Lake Forest,Orange,CA,92630,949-583-6901,949-583-7758,mari@hwang.com,http://www.marihwang.com
Shanna,Neundorfer,Door Systems,833 E Allegheny Ave,Philadelphia,Philadelphia,PA,19134,215-426-9722,215-426-8416,shanna@neundorfer.com,http://www.shannaneundorfer.com
Sherwood,Detillier,Minteq International,Box #-851,Woodland Hills,Los Angeles,CA,91365,818-703-9160,818-703-0447,sherwood@detillier.com,http://www.sherwooddetillier.com
Walton,Schwallie,"Nielsen, Laura W Md",154 Main St,Upton,Worcester,MA,1568,508-529-8783,508-529-8368,walton@schwallie.com,http://www.waltonschwallie.com
Judy,Gartenmayer,Pro Infusion Pharm Inc,3260 W New Haven Ave,Melbourne,Brevard,FL,32904,321-676-3091,321-676-3378,judy@gartenmayer.com,http://www.judygartenmayer.com
Antione,Mccleary,Cerberus Pyrotronics,1110 25th Ave N,Fargo,Cass,ND,58102,701-293-8410,701-293-7439,antione@mccleary.com,http://www.antionemccleary.com
Kay,Ganguli,"Hanson, Bruce Esq",3763 Scripps Dr,Las Vegas,Clark,NV,89103,702-876-3089,702-876-9367,kay@ganguli.com,http://www.kayganguli.com
Oma,Duffy,Laun Law Offices,255 Industrial Dr,Franklin,Warren,OH,45005,937-746-7537,937-746-4129,oma@duffy.com,http://www.omaduffy.com
Devon,Teston,"Bilton, Dean H Esq",1900 W Loop S,Houston,Harris,TX,77027,713-871-9773,713-871-0838,devon@teston.com,http://www.devonteston.com
Jade,Erlebach,Vickery Tape & Label Co Inc,975 Flynn Rd,Camarillo,Ventura,CA,93012,805-445-8331,805-445-9961,jade@erlebach.com,http://www.jadeerlebach.com
Roseann,Jerko,Larry Farmer Appraisal Co Inc,850 Glen Ave,Moorestown,Burlington,NJ,8057,856-866-4945,856-866-1542,roseann@jerko.com,http://www.roseannjerko.com
Ruthie,Zortman,Review Monterey Peninsula,4508 Enterprise St,Fremont,Alameda,CA,94538,510-651-1410,510-651-1242,ruthie@zortman.com,http://www.ruthiezortman.com
Leif,Arguin,Cmplt Cmptg Solutions Ne,4508 Enterprise St,Fremont,Alameda,CA,94538,510-651-4937,510-651-8302,leif@arguin.com,http://www.leifarguin.com
Millicent,Ekstrom,Personal Creations Inc,151 Brown St  #-b,Lawrenceburg,Dearborn,IN,47025,812-537-7287,812-537-5442,millicent@ekstrom.com,http://www.millicentekstrom.com
Val,Oborne,Stone Container Corporation,7846 Clybourn Ave,Sun Valley,Los Angeles,CA,91352,818-767-1347,818-767-5123,val@oborne.com,http://www.valoborne.com
Bridgett,Retort,Womens Resource & Refrl Ntwrk,6747 Signat Dr,Houston,Harris,TX,77041,713-466-7259,713-466-3278,bridgett@retort.com,http://www.bridgettretort.com
Tia,Lino,Superior Gundrilling,35375 Highway 228,Brownsville,Linn,OR,97327,541-466-2483,541-466-1661,tia@lino.com,http://www.tialino.com
Jarrett,Kenzie,Young Men Christian Assn Cnty,11551 Riverpark Way,Chesterfield,Chesterfield,VA,23838,804-739-3007,804-739-7905,jarrett@kenzie.com,http://www.jarrettkenzie.com
Mara,Vanderzwaag,Brown & Brown Law Office,2550 E Lucas Dr,Beaumont,Jefferson,TX,77703,409-892-1231,409-892-8492,mara@vanderzwaag.com,http://www.maravanderzwaag.com
Tiffany,Knust,Vantage Products,1425 Koll Cir  #-107,San Jose,Santa Clara,CA,95112,408-453-0357,408-453-1525,tiffany@knust.com,http://www.tiffanyknust.com
Fabian,Mcshaw,"Bodik, Michael G Esq",6023 Garfield Ave,Los Angeles,Los Angeles,CA,90040,323-726-5319,323-726-8499,fabian@mcshaw.com,http://www.fabianmcshaw.com
Annabelle,Coger,Center For Resource Management,1200 Shreveport Barksdale Hwy,Shreveport,Caddo,LA,71105,318-865-8418,318-865-7381,annabelle@coger.com,http://www.annabellecoger.com
Marisa,Smiler,Star Systems Inc,200 Broadhollow Rd,Melville,Suffolk,NY,11747,631-673-3339,631-673-1556,marisa@smiler.com,http://www.marisasmiler.com
Samantha,Bordwell,Interwest Freight System Inc,23405 Sw 152nd Ct,Homestead,Miami-Dade,FL,33032,305-247-8402,305-247-4599,samantha@bordwell.com,http://www.samanthabordwell.com
Felecia,Riedl,"Benson, John S",333 Andrew Ave,Salt Lake City,Salt Lake,UT,84115,801-486-6484,801-486-6755,felecia@riedl.com,http://www.feleciariedl.com
Kris,Persson,"Tweel, Ronald R Esq",1765 Sw Highway 97,Madras,Jefferson,OR,97741,541-475-8404,541-475-0021,kris@persson.com,http://www.krispersson.com
Kylie,Bridgeman,Thomas & Libowitz Pa,118 Lenzner Ct,Sewickley,Allegheny,PA,15143,412-741-4604,412-741-4236,kylie@bridgeman.com,http://www.kyliebridgeman.com
Eduardo,Bellendir,Powers & Assocs,1800 Pine Run Rd,Wilkes Barre,Luzerne,PA,18702,570-822-0721,570-822-6267,eduardo@bellendir.com,http://www.eduardobellendir.com
Waldo,Edberg,Bush Building Corporation,2017 W Jackson St,Tupelo,Lee,MS,38801,662-842-4133,662-842-8645,waldo@edberg.com,http://www.waldoedberg.com
Brent,Vaidya,Crain Industries,45 Church St,Stamford,Fairfield,CT,6906,203-359-2824,203-359-6466,brent@vaidya.com,http://www.brentvaidya.com
Bette,Barcelona,"Fischer, William R Esq",432 Lignite Ave,Fairbanks,Fairbanks North Star,AK,99701,907-456-6738,907-456-4144,bette@barcelona.com,http://www.bettebarcelona.com
Rich,Gleave,"Finkelstein, Bernard A Cpa",827 E 10th Ave,Anchorage,Anchorage,AK,99501,907-277-9294,907-277-2227,rich@gleave.com,http://www.richgleave.com
Lyman,Whittley,"Berry, Robert A Esq",3030 Bridgeway,Sausalito,Marin,CA,94965,415-332-9570,415-332-7303,lyman@whittley.com,http://www.lymanwhittley.com
Maryann,Garnette,Catholic University Of,582 Centerville Rd,Lancaster,Lancaster,PA,17601,717-560-6671,717-560-5625,maryann@garnette.com,http://www.maryanngarnette.com
Jimmie,Zarzycki,John C Auth,215 E Pikes Peak Ave,Colorado Springs,El Paso,CO,80903,719-632-0667,719-632-5612,jimmie@zarzycki.com,http://www.jimmiezarzycki.com
Gisela,Kosicki,"Lisher, John L Esq",22140 Ventura Blvd  #-4,Woodland Hills,Los Angeles,CA,91364,818-713-6306,818-713-8346,gisela@kosicki.com,http://www.giselakosicki.com
Marlene,Hammeren,"Chamot, Philip S Esq",1000 Monte Sano Blvd Se,Huntsville,Madison,AL,35801,256-533-8674,256-533-1176,marlene@hammeren.com,http://www.marlenehammeren.com
Kris,Stanzak,Cenref Labs,3100 Dodge St,Dubuque,Dubuque,IA,52003,563-557-2588,563-557-6308,kris@stanzak.com,http://www.krisstanzak.com
Roman,Simone,"Spottswood, William B Esq",610 W Main St,Batavia,Clermont,OH,45103,513-732-3089,513-732-2547,roman@simone.com,http://www.romansimone.com
Cathryn,Nicolaus,Perkins Photo/graphics Inc,2575 State Highway 32,Chico,Butte,CA,95973,530-345-4627,530-345-8372,cathryn@nicolaus.com,http://www.cathrynnicolaus.com
Lana,Keels,"Veron, J Michael Esq",711 Park Ave,Freehold,Monmouth,NJ,7728,732-462-1106,732-462-3575,lana@keels.com,http://www.lanakeels.com
Malissa,Ziesemer,Electron Rentals Inc,330 S Ocean Blvd,Palm Beach,Palm Beach,FL,33480,561-655-6443,561-655-9129,malissa@ziesemer.com,http://www.malissaziesemer.com
Pamala,Brodtmann,"Gagen, William E Jr",342 Seaside Ave,Honolulu,Honolulu,HI,96815,808-926-0776,808-926-6173,pamala@brodtmann.com,http://www.pamalabrodtmann.com
Heriberto,Tivis,Newood,1135 Kildaire Farm Rd,Cary,Wake,NC,27511,919-460-8104,919-460-4304,heriberto@tivis.com,http://www.heribertotivis.com
Edgardo,Prudente,R A Hamilton Corp,1110 N Highway 360,Grand Prairie,Dallas,TX,75050,972-660-3960,972-660-0934,edgardo@prudente.com,http://www.edgardoprudente.com
Fred,Kunde,"Swanson, Victoria C Esq",5321 Sterling Center Dr,Westlake Village,Ventura,CA,91361,805-991-9740,805-991-4665,fred@kunde.com,http://www.fredkunde.com
Pilar,Suddeth,Slant Fin Corp,3700 Campus Dr,Newport Beach,Orange,CA,92660,949-852-5463,949-852-9027,pilar@suddeth.com,http://www.pilarsuddeth.com
Eliseo,Wice,A Limousine Service,711 W 38th St,Austin,Travis,TX,78705,512-458-0034,512-458-7226,eliseo@wice.com,http://www.eliseowice.com
Bridget,Knightly,Teamsters Union Local 20,66 Flint St,Asheville,Buncombe,NC,28801,828-251-0817,828-251-4242,bridget@knightly.com,http://www.bridgetknightly.com
Tori,Villaescusa,Church Point Whol Gr Co Inc,1006 S San Pedro St,Los Angeles,Los Angeles,CA,90015,213-748-7617,213-748-5668,tori@villaescusa.com,http://www.torivillaescusa.com
Claire,Moyerman,Grt Nthrn Shoe Rpr & Dry Clnrs,2280 S Xanadu Way  #-300,Aurora,Arapahoe,CO,80014,303-337-5701,303-337-5796,claire@moyerman.com,http://www.clairemoyerman.com
Judi,Kivel,Postal Place At 111th Square,125 N Emporia St,Wichita,Sedgwick,KS,67202,316-267-2178,316-267-5183,judi@kivel.com,http://www.judikivel.com
Terrell,Rodda,Woodland Village Nursing Home,200 Cottontail Ln,Somerset,Somerset,NJ,8873,732-563-5361,732-563-1293,terrell@rodda.com,http://www.terrellrodda.com
Jasmin,Gum,"White, Samuel I Esq",43 Parmenter Rd,Hudson,Middlesex,MA,1749,978-562-2524,978-562-5062,jasmin@gum.com,http://www.jasmingum.com
Bridget,Bottella,Mid State Construction Prod,112 E Pecan St,San Antonio,Bexar,TX,78205,210-224-9708,210-224-4881,bridget@bottella.com,http://www.bridgetbottella.com
Tami,Trybus,"Seawright, Rodney",3963 Virginia Ave,Cincinnati,Hamilton,OH,45227,513-561-1096,513-561-7531,tami@trybus.com,http://www.tamitrybus.com
Maynard,Kaewprasert,Decatur Studio Inc,1224 S Hope St,Los Angeles,Los Angeles,CA,90015,213-747-6026,213-747-3088,maynard@kaewprasert.com,http://www.maynardkaewprasert.com
Viola,Mcsorley,First Bank Of Brunswick,6850 S Harlem Ave,Summit Argo,Cook,IL,60501,708-496-7428,708-496-8587,viola@mcsorley.com,http://www.violamcsorley.com
Reggie,Streu,Als Motors Inc,15 Henderson Dr,Caldwell,Essex,NJ,7006,973-575-5898,973-575-9328,reggie@streu.com,http://www.reggiestreu.com
Rena,Griffeth,Reliable Optical,19901 Nordhoff St,Northridge,Los Angeles,CA,91324,818-709-9165,818-709-2649,rena@griffeth.com,http://www.renagriffeth.com
Pierre,Salera,Ridley Ridley & Burnette,1601 S Shamrock Ave,Monrovia,Los Angeles,CA,91016,626-303-9233,626-303-2569,pierre@salera.com,http://www.pierresalera.com
Carolina,Kinlaw,"Loftus, Daniel B Esq",3m County,Belle Mead,Somerset,NJ,8502,908-874-0864,908-874-4873,carolina@kinlaw.com,http://www.carolinakinlaw.com
Alejandra,Prenatt,Mitchell De Burring Co,6850 S Harlem Ave,Summit Argo,Cook,IL,60501,708-496-6958,708-496-4617,alejandra@prenatt.com,http://www.alejandraprenatt.com
Quintin,Isacson,Spectrum Constrctn & Dev Corp,1015 N Cahuenga Blvd,Los Angeles,Los Angeles,CA,90038,323-469-0643,323-469-3082,quintin@isacson.com,http://www.quintinisacson.com
Robin,Grotz,"Hackett, Peter J",2601 Summerhill Rd,Texarkana,Bowie,TX,75503,903-792-2081,903-792-5309,robin@grotz.com,http://www.robingrotz.com
Lacy,Woodfin,Enviro Dynamics,130 Wyoming Ave,Scranton,Lackawanna,PA,18503,570-348-3754,570-348-4204,lacy@woodfin.com,http://www.lacywoodfin.com
Daniel,Zill,Safety Team Inc,550 N Brand Blvd  #-1940,Glendale,Los Angeles,CA,91203,818-507-7207,818-507-1925,daniel@zill.com,http://www.danielzill.com
Reina,Wolchesky,Highland Management Group,305 W Washington St,Brainerd,Crow Wing,MN,56401,218-828-7281,218-828-3231,reina@wolchesky.com,http://www.reinawolchesky.com
Marc,Wanger,Welsh Company,33 Harrison Ave,Boston,Suffolk,MA,2111,617-426-6393,617-426-1114,marc@wanger.com,http://www.marcwanger.com
Damion,Matkin,Data Ware Development Inc,5830 Downing St  #-d,Denver,Denver,CO,80216,303-295-4797,303-295-3867,damion@matkin.com,http://www.damionmatkin.com
Lucius,Winchester,Barrett Paving Materials Inc,670 S Barrington Rd,Streamwood,Cook,IL,60107,630-289-9458,630-289-9033,lucius@winchester.com,http://www.luciuswinchester.com
Petra,Mcnichol,Hyacinth Foundation Aids Proj,670 S Barrington Rd,Streamwood,Cook,IL,60107,630-289-8190,630-289-8985,petra@mcnichol.com,http://www.petramcnichol.com
Katina,Ramano,"Fuhrmann, Chris C Esq",580 Fountain Ave,Brooklyn,Kings,NY,11208,718-272-2553,718-272-8498,katina@ramano.com,http://www.katinaramano.com
Leslie,Cackowski,"Re, Matthew R Esq",2103 W Main St,Farmington,San Juan,NM,87401,505-325-3933,505-325-9042,leslie@cackowski.com,http://www.lesliecackowski.com
Cristopher,Wiget,"Roche, Patrick Esq",4354 Highway 64,Kirtland,San Juan,NM,87417,505-598-9742,505-598-3063,cristopher@wiget.com,http://www.cristopherwiget.com
Garth,Skiffington,Fox & Killbride,22 Mill St,Paterson,Passaic,NJ,7501,973-684-7654,973-684-6309,garth@skiffington.com,http://www.garthskiffington.com
Brendan,Qin,Allegro Copy & Print,305 Griffin Ave Sw,Eastman,Dodge,GA,31023,478-374-5686,478-374-6992,brendan@qin.com,http://www.brendanqin.com
Chase,Furler,Hostetler & Kowalik,3333 Se 21st St,Topeka,Shawnee,KS,66607,785-354-7091,785-354-3042,chase@furler.com,http://www.chasefurler.com
Marietta,Bjornberg,Consolidated Mechanical Inc,1515 Wyoming St,Missoula,Missoula,MT,59801,406-728-0501,406-728-5507,marietta@bjornberg.com,http://www.mariettabjornberg.com
Carmella,Wishman,Meicher Cpa,1515 Wyoming St,Missoula,Missoula,MT,59801,406-728-6772,406-728-7668,carmella@wishman.com,http://www.carmellawishman.com
Erica,Eyrich,C & I Computer Services Inc,1515 Wyoming St,Missoula,Missoula,MT,59801,406-728-7293,406-728-4789,erica@eyrich.com,http://www.ericaeyrich.com
Lucius,Bagnoli,American Music Teacher,404 W Boonville New Harmony Rd,Evansville,Vanderburgh,IN,47711,812-867-2916,812-867-2593,lucius@bagnoli.com,http://www.luciusbagnoli.com
Bart,Hachey,Pip Printing,490 S Broad St,Canfield,Mahoning,OH,44406,330-533-9769,330-533-6543,bart@hachey.com,http://www.barthachey.com
Isiah,Phernetton,Wyckoff Florist & Gifts,246 Griffing Ave,Riverhead,Suffolk,NY,11901,631-727-0917,631-727-2147,isiah@phernetton.com,http://www.isiahphernetton.com
Morton,Crummell,Boykin Management Co,5485 Conestoga Ct,Boulder,Boulder,CO,80301,303-546-3698,303-546-1589,morton@crummell.com,http://www.mortoncrummell.com
Prince,Kauk,Mckesson Drug Co,2320 W Louise Dr,Phoenix,Maricopa,AZ,85027,623-581-7435,623-581-2472,prince@kauk.com,http://www.princekauk.com